Design,SKU,Name,Original Category
0002,MB1-0002,"all gave some 1","memorial and tribute"
0003,MB1-0003,"all gave some 2","memorial and tribute"
0004,MB1-0004,"all gave some 3","memorial and tribute"
0005,MB1-0005,"all gave some 4","memorial and tribute"
0006,MB1-0006,"BAdge Batallon","memorial and tribute"
0007,MB1-0007,"Badge Addison Police","memorial and tribute"
0008,MB1-0008,"Badge Agent Departmen State Idaho","memorial and tribute"
0009,MB1-0009,"Badge Agricultural Education","memorial and tribute"
0010,MB1-0010,"Badge Air Mobility one layer","memorial and tribute"
0011,MB1-0011,"Badge Air force","memorial and tribute"
0012,MB1-0012,"Badge Airborne","memorial and tribute"
0013,MB1-0013,"Badge Austin Police","memorial and tribute"
0014,MB1-0014,"Badge Avondale","memorial and tribute"
0015,MB1-0015,"Badge Border Patrol","memorial and tribute"
0016,MB1-0016,"Badge Brithis Columbia","memorial and tribute"
0017,MB1-0017,"Badge EMS II","memorial and tribute"
0019,MB1-0019,"Badge EMS III","memorial and tribute"
0020,MB1-0020,"Badge EMS IV","memorial and tribute"
0021,MB1-0021,"Badge EMS V","memorial and tribute"
0022,MB1-0022,"Badge GPD","memorial and tribute"
0023,MB1-0023,"Badge Professional EMS","memorial and tribute"
0025,MB1-0025,"Badge Texas Highway Patrol 2021","memorial and tribute"
0026,MB1-0026,"Badge beaumont police","memorial and tribute"
0027,MB1-0027,"american legion","memorial and tribute"
0028,MB1-0028,"badge Alfa Omega","memorial and tribute"
0029,MB1-0029,"special_forces_symbol=","memorial and tribute"
0030,MB1-0030,"special_forces_symbol~","memorial and tribute"
0031,MB1-0031,"Anchor Monogram frame","lake house and nautical"
0033,MB1-0033,"navy chief anchor","memorial and tribute"
0043,MB1-0043,"BASEBALL 1","sports and hobbies"
0044,MB1-0044,"BASEBALL 10","sports and hobbies"
0045,MB1-0045,"BASEBALL 11","sports and hobbies"
0046,MB1-0046,"BASEBALL 12","sports and hobbies"
0047,MB1-0047,"BASEBALL 13","sports and hobbies"
0048,MB1-0048,"BASEBALL 2","sports and hobbies"
0049,MB1-0049,"BASEBALL 3","sports and hobbies"
0050,MB1-0050,"BASEBALL 4","sports and hobbies"
0051,MB1-0051,"BASEBALL 5","sports and hobbies"
0052,MB1-0052,"BASEBALL 6","sports and hobbies"
0053,MB1-0053,"BASEBALL 7","sports and hobbies"
0054,MB1-0054,"BASEBALL 8","sports and hobbies"
0055,MB1-0055,"BASEBALL 9","sports and hobbies"
0194,MB1-0194,"Compass Monogram A","lake house and nautical"
0195,MB1-0195,"Compass Monogram B","lake house and nautical"
0196,MB1-0196,"Compass Monogram C","lake house and nautical"
0197,MB1-0197,"Compass Monogram D","lake house and nautical"
0198,MB1-0198,"Compass Monogram E","lake house and nautical"
0199,MB1-0199,"Compass Monogram F","lake house and nautical"
0200,MB1-0200,"Compass Monogram G","lake house and nautical"
0201,MB1-0201,"Compass Monogram H","lake house and nautical"
0202,MB1-0202,"Compass Monogram I","lake house and nautical"
0203,MB1-0203,"Compass Monogram J","lake house and nautical"
0204,MB1-0204,"Compass Monogram K","lake house and nautical"
0205,MB1-0205,"Compass Monogram L","lake house and nautical"
0206,MB1-0206,"Compass Monogram M","lake house and nautical"
0207,MB1-0207,"Compass Monogram N","lake house and nautical"
0208,MB1-0208,"Compass Monogram O","lake house and nautical"
0209,MB1-0209,"Compass Monogram P","lake house and nautical"
0210,MB1-0210,"Compass Monogram Q","lake house and nautical"
0211,MB1-0211,"Compass Monogram R","lake house and nautical"
0212,MB1-0212,"Compass Monogram S","lake house and nautical"
0213,MB1-0213,"Compass Monogram T","lake house and nautical"
0214,MB1-0214,"Compass Monogram U","lake house and nautical"
0215,MB1-0215,"Compass Monogram V","lake house and nautical"
0216,MB1-0216,"Compass Monogram W","lake house and nautical"
0217,MB1-0217,"Compass Monogram X","lake house and nautical"
0218,MB1-0218,"Compass Monogram Y","lake house and nautical"
0219,MB1-0219,"Compass Monogram Z","lake house and nautical"
0256,MB1-0256,"Luckys Bar","sports and hobbies"
0259,MB1-0259,"Wine shop Rev","sports and hobbies"
0262,MB1-0262,"DAD'S GARAGE","garage and workshop"
0263,MB1-0263,"DAD'S HANGAR","garage and workshop"
0264,MB1-0264,"DAD'S MAN CAVE","family & name"
0265,MB1-0265,"DAD'S WORKSHOP","garage and workshop"
0266,MB1-0266,"DAD'S GARAGE 2","garage and workshop"
0267,MB1-0267,"DAD'S GARAGE 4","garage and workshop"
0268,MB1-0268,"DAD'S GARAGE VINTAGE 2","garage and workshop"
0269,MB1-0269,"DAD'S GARAGE VINTAGE","garage and workshop"
0272,MB1-0272,"DAD'S MANCAVE","family & name"
0273,MB1-0273,"DAD'S SHOP","garage and workshop"
0274,MB1-0274,"DAD'S WORKSHOP 2","garage and workshop"
0276,MB1-0276,"DADDY'S WORKSHOP 2","garage and workshop"
0277,MB1-0277,"DADDY'S WORKSHOP","garage and workshop"
0278,MB1-0278,"GARAGE FREE SIGN","garage and workshop"
0280,MB1-0280,"VINTAGE GARAGE SIGN","garage and workshop"
0311,MB1-0311,"all time best dad","family & name"
0313,MB1-0313,"best dad in the galaxy(1)","family & name"
0314,MB1-0314,"best dad in the galaxy","family & name"
0315,MB1-0315,"dad life","family & name"
0316,MB1-0316,"dad teacher","family & name"
0317,MB1-0317,"dad the man the myth the legend","family & name"
0318,MB1-0318,"Worlds Greatest Dad 1","family & name"
0328,MB1-0328,"world's coolest dad","family & name"
0331,MB1-0331,"papa the man the myth the legend","family & name"
0332,MB1-0332,"top dad","family & name"
0333,MB1-0333,"world_s greatest father","family & name"
0335,MB1-0335,"SPLIT MONOGRAM 5","family & name"
0336,MB1-0336,"SPLIT MONOGRAM 6","family & name"
0337,MB1-0337,"fire dept 1","memorial and tribute"
0338,MB1-0338,"fire dept 2","memorial and tribute"
0339,MB1-0339,"fire dept 3","memorial and tribute"
0340,MB1-0340,"fire dept 4","memorial and tribute"
0341,MB1-0341,"fire dept 5","memorial and tribute"
0425,MB1-0425,"GARAGE 1","garage and workshop"
0426,MB1-0426,"GARAGE 10","garage and workshop"
0427,MB1-0427,"GARAGE 11","garage and workshop"
0428,MB1-0428,"GARAGE 2","garage and workshop"
0429,MB1-0429,"GARAGE 3","garage and workshop"
0430,MB1-0430,"GARAGE 4","garage and workshop"
0431,MB1-0431,"GARAGE 5","garage and workshop"
0432,MB1-0432,"GARAGE 6","garage and workshop"
0433,MB1-0433,"GARAGE 7","garage and workshop"
0434,MB1-0434,"GARAGE 8","garage and workshop"
0435,MB1-0435,"GARAGE 9","garage and workshop"
0463,MB1-0463,"happy halloween pumpkins monogram","seasonal and holiday"
0466,MB1-0466,"happy halloween spider web monogram","seasonal and holiday"
0476,MB1-0476,"welcome pumpkins monogram","seasonal and holiday"
0477,MB1-0477,"welcome sign spider v1","seasonal and holiday"
0478,MB1-0478,"welcome sign spider v2","seasonal and holiday"
0479,MB1-0479,"welcome spider monogram sign","seasonal and holiday"
0503,MB1-0503,"MONOGRAM 1","family & name"
0504,MB1-0504,"MONOGRAM 10","family & name"
0505,MB1-0505,"MONOGRAM 11","family & name"
0506,MB1-0506,"MONOGRAM 12","family & name"
0507,MB1-0507,"MONOGRAM 13","family & name"
0508,MB1-0508,"MONOGRAM 14","family & name"
0509,MB1-0509,"MONOGRAM 15","family & name"
0510,MB1-0510,"MONOGRAM 16","family & name"
0511,MB1-0511,"MONOGRAM 17","family & name"
0512,MB1-0512,"MONOGRAM 2","family & name"
0513,MB1-0513,"MONOGRAM 3","family & name"
0514,MB1-0514,"MONOGRAM 4","family & name"
0515,MB1-0515,"MONOGRAM 5","family & name"
0516,MB1-0516,"MONOGRAM 6","family & name"
0517,MB1-0517,"MONOGRAM 7","family & name"
0518,MB1-0518,"MONOGRAM 8","family & name"
0519,MB1-0519,"MONOGRAM 9","family & name"
0520,MB1-0520,"MOMOGRAM 23","family & name"
0521,MB1-0521,"MONOGRAM 18","family & name"
0522,MB1-0522,"MONOGRAM 19","family & name"
0523,MB1-0523,"MONOGRAM 20","family & name"
0524,MB1-0524,"MONOGRAM 21","family & name"
0525,MB1-0525,"MONOGRAM 22","family & name"
0567,MB1-0567,"Antler Monogram A","wildlife and outdoors"
0568,MB1-0568,"Antler Monogram B","wildlife and outdoors"
0569,MB1-0569,"Antler Monogram C","wildlife and outdoors"
0570,MB1-0570,"Antler Monogram D","wildlife and outdoors"
0571,MB1-0571,"Antler Monogram E","wildlife and outdoors"
0572,MB1-0572,"Antler Monogram F","wildlife and outdoors"
0573,MB1-0573,"Antler Monogram G","wildlife and outdoors"
0574,MB1-0574,"Antler Monogram H","wildlife and outdoors"
0575,MB1-0575,"Antler Monogram I","wildlife and outdoors"
0576,MB1-0576,"Antler Monogram J","wildlife and outdoors"
0577,MB1-0577,"Antler Monogram K","wildlife and outdoors"
0578,MB1-0578,"Antler Monogram L","wildlife and outdoors"
0579,MB1-0579,"Antler Monogram M","wildlife and outdoors"
0580,MB1-0580,"Antler Monogram N","wildlife and outdoors"
0581,MB1-0581,"Antler Monogram O","wildlife and outdoors"
0582,MB1-0582,"Antler Monogram P","wildlife and outdoors"
0583,MB1-0583,"Antler Monogram Q","wildlife and outdoors"
0584,MB1-0584,"Antler Monogram R","wildlife and outdoors"
0585,MB1-0585,"Antler Monogram S","wildlife and outdoors"
0586,MB1-0586,"Antler Monogram T","wildlife and outdoors"
0587,MB1-0587,"Antler Monogram U","wildlife and outdoors"
0588,MB1-0588,"Antler Monogram V","wildlife and outdoors"
0589,MB1-0589,"Antler Monogram W","wildlife and outdoors"
0590,MB1-0590,"Antler Monogram X","wildlife and outdoors"
0591,MB1-0591,"Antler Monogram Y","wildlife and outdoors"
0592,MB1-0592,"Antler Monogram Z","wildlife and outdoors"
0619,MB1-0619,"Monogram Fleur A","family & name"
0620,MB1-0620,"Monogram Fleur B","family & name"
0621,MB1-0621,"Monogram Fleur C","family & name"
0622,MB1-0622,"Monogram Fleur D","family & name"
0623,MB1-0623,"Monogram Fleur E","family & name"
0624,MB1-0624,"Monogram Fleur F","family & name"
0625,MB1-0625,"Monogram Fleur G","family & name"
0626,MB1-0626,"Monogram Fleur H","family & name"
0627,MB1-0627,"Monogram Fleur I","family & name"
0628,MB1-0628,"Monogram Fleur J","family & name"
0629,MB1-0629,"Monogram Fleur K","family & name"
0630,MB1-0630,"Monogram Fleur L","family & name"
0631,MB1-0631,"Monogram Fleur M","family & name"
0632,MB1-0632,"Monogram Fleur N","family & name"
0633,MB1-0633,"Monogram Fleur O","family & name"
0634,MB1-0634,"Monogram Fleur P","family & name"
0635,MB1-0635,"Monogram Fleur Q","family & name"
0636,MB1-0636,"Monogram Fleur R","family & name"
0637,MB1-0637,"Monogram Fleur S","family & name"
0638,MB1-0638,"Monogram Fleur T","family & name"
0639,MB1-0639,"Monogram Fleur U","family & name"
0640,MB1-0640,"Monogram Fleur V","family & name"
0641,MB1-0641,"Monogram Fleur W","family & name"
0642,MB1-0642,"Monogram Fleur X","family & name"
0643,MB1-0643,"Monogram Fleur Y","family & name"
0644,MB1-0644,"Monogram Fleur Z","family & name"
0645,MB1-0645,"Script Vine Split Alphabet-A","family & name"
0646,MB1-0646,"Script Vine Split Alphabet-B","family & name"
0647,MB1-0647,"Script Vine Split Alphabet-C","family & name"
0648,MB1-0648,"Script Vine Split Alphabet-D","family & name"
0649,MB1-0649,"Script Vine Split Alphabet-E","family & name"
0650,MB1-0650,"Script Vine Split Alphabet-F","family & name"
0651,MB1-0651,"Script Vine Split Alphabet-G","family & name"
0652,MB1-0652,"Script Vine Split Alphabet-H","family & name"
0653,MB1-0653,"Script Vine Split Alphabet-I","family & name"
0654,MB1-0654,"Script Vine Split Alphabet-J","family & name"
0655,MB1-0655,"Script Vine Split Alphabet-K","family & name"
0656,MB1-0656,"Script Vine Split Alphabet-L","family & name"
0657,MB1-0657,"Script Vine Split Alphabet-M","family & name"
0658,MB1-0658,"Script Vine Split Alphabet-N","family & name"
0659,MB1-0659,"Script Vine Split Alphabet-O","family & name"
0660,MB1-0660,"Script Vine Split Alphabet-P","family & name"
0661,MB1-0661,"Script Vine Split Alphabet-Q","family & name"
0662,MB1-0662,"Script Vine Split Alphabet-R","family & name"
0663,MB1-0663,"Script Vine Split Alphabet-S","family & name"
0664,MB1-0664,"Script Vine Split Alphabet-T","family & name"
0665,MB1-0665,"Script Vine Split Alphabet-U","family & name"
0666,MB1-0666,"Script Vine Split Alphabet-V","family & name"
0667,MB1-0667,"Script Vine Split Alphabet-W","family & name"
0668,MB1-0668,"Script Vine Split Alphabet-X","family & name"
0669,MB1-0669,"Script Vine Split Alphabet-Y","family & name"
0670,MB1-0670,"Script Vine Split Alphabet-Z","family & name"
0671,MB1-0671,"Monogram A","family & name"
0672,MB1-0672,"Monogram B","family & name"
0673,MB1-0673,"Monogram C","family & name"
0674,MB1-0674,"Monogram D","family & name"
0675,MB1-0675,"Monogram E","family & name"
0676,MB1-0676,"Monogram F","family & name"
0677,MB1-0677,"Monogram G","family & name"
0678,MB1-0678,"Monogram H","family & name"
0679,MB1-0679,"Monogram I","family & name"
0680,MB1-0680,"Monogram J","family & name"
0681,MB1-0681,"Monogram K","family & name"
0682,MB1-0682,"Monogram L","family & name"
0683,MB1-0683,"Monogram M","family & name"
0684,MB1-0684,"Monogram N","family & name"
0685,MB1-0685,"Monogram O","family & name"
0686,MB1-0686,"Monogram P","family & name"
0687,MB1-0687,"Monogram Q","family & name"
0688,MB1-0688,"Monogram R","family & name"
0689,MB1-0689,"Monogram S","family & name"
0690,MB1-0690,"Monogram T","family & name"
0691,MB1-0691,"Monogram U","family & name"
0692,MB1-0692,"Monogram V","family & name"
0693,MB1-0693,"Monogram W","family & name"
0694,MB1-0694,"Monogram X","family & name"
0695,MB1-0695,"Monogram Y","family & name"
0696,MB1-0696,"Monogram Z","family & name"
0697,MB1-0697,"Split scroll A","family & name"
0698,MB1-0698,"Split scroll B","family & name"
0699,MB1-0699,"Split scroll C","family & name"
0700,MB1-0700,"Split scroll D","family & name"
0701,MB1-0701,"Split scroll E","family & name"
0702,MB1-0702,"Split scroll F","family & name"
0703,MB1-0703,"Split scroll G","family & name"
0704,MB1-0704,"Split scroll H","family & name"
0705,MB1-0705,"Split scroll I","family & name"
0706,MB1-0706,"Split scroll J","family & name"
0707,MB1-0707,"Split scroll K","family & name"
0708,MB1-0708,"Split scroll L","family & name"
0709,MB1-0709,"Split scroll M","family & name"
0710,MB1-0710,"Split scroll N","family & name"
0711,MB1-0711,"Split scroll O","family & name"
0712,MB1-0712,"Split scroll P","family & name"
0713,MB1-0713,"Split scroll Q","family & name"
0714,MB1-0714,"Split scroll R","family & name"
0715,MB1-0715,"Split scroll S","family & name"
0716,MB1-0716,"Split scroll T","family & name"
0717,MB1-0717,"Split scroll U","family & name"
0718,MB1-0718,"Split scroll V","family & name"
0719,MB1-0719,"Split scroll W","family & name"
0720,MB1-0720,"Split scroll X","family & name"
0721,MB1-0721,"Split scroll Y","family & name"
0722,MB1-0722,"Split scroll Z","family & name"
0723,MB1-0723,"Steampunk A","family & name"
0724,MB1-0724,"Steampunk B","family & name"
0725,MB1-0725,"Steampunk C","family & name"
0726,MB1-0726,"Steampunk D","family & name"
0727,MB1-0727,"Steampunk E","family & name"
0728,MB1-0728,"Steampunk F","family & name"
0729,MB1-0729,"Steampunk G","family & name"
0730,MB1-0730,"Steampunk H","family & name"
0731,MB1-0731,"Steampunk I","family & name"
0732,MB1-0732,"Steampunk J","family & name"
0733,MB1-0733,"Steampunk K","family & name"
0734,MB1-0734,"Steampunk L","family & name"
0735,MB1-0735,"Steampunk M","family & name"
0736,MB1-0736,"Steampunk Mr and Mrs","wedding and events"
0737,MB1-0737,"Steampunk N","family & name"
0738,MB1-0738,"Steampunk O","family & name"
0739,MB1-0739,"Steampunk P","family & name"
0740,MB1-0740,"Steampunk Q","family & name"
0741,MB1-0741,"Steampunk R","family & name"
0742,MB1-0742,"Steampunk S","family & name"
0743,MB1-0743,"Steampunk T","family & name"
0744,MB1-0744,"Steampunk U","family & name"
0745,MB1-0745,"Steampunk V","family & name"
0746,MB1-0746,"Steampunk W","family & name"
0747,MB1-0747,"Steampunk X","family & name"
0748,MB1-0748,"Steampunk Y","family & name"
0749,MB1-0749,"Steampunk Z","family & name"
0751,MB1-0751,"Alphabet split model 1","family & name"
0752,MB1-0752,"Alphabet split model 10","family & name"
0753,MB1-0753,"Alphabet split model 11","family & name"
0754,MB1-0754,"Alphabet split model 12","family & name"
0755,MB1-0755,"Alphabet split model 13","family & name"
0756,MB1-0756,"Alphabet split model 14","family & name"
0757,MB1-0757,"Alphabet Split Model 15","family & name"
0758,MB1-0758,"Alphabet Split Model 16","family & name"
0759,MB1-0759,"Alphabet Split Model 17","family & name"
0760,MB1-0760,"Alphabet Split Model 19","family & name"
0761,MB1-0761,"Alphabet split model 2","family & name"
0762,MB1-0762,"Alphabet split model 3","family & name"
0763,MB1-0763,"Alphabet split model 4","family & name"
0764,MB1-0764,"Alphabet split model 5","family & name"
0765,MB1-0765,"Alphabet split model 6","family & name"
0766,MB1-0766,"Alphabet split model 7","family & name"
0767,MB1-0767,"Alphabet split model 8","family & name"
0768,MB1-0768,"Alphabet split model 9","family & name"
0769,MB1-0769,"Alphabet Turquey","family & name"
0770,MB1-0770,"Snow Monogram Letter 1","family & name"
0771,MB1-0771,"Snow Monogram Letter 2","family & name"
0772,MB1-0772,"Snow Monogram Letter 3","family & name"
0773,MB1-0773,"Snow Monogram Letter 4","family & name"
0774,MB1-0774,"Snow Split Monogram 1","family & name"
0775,MB1-0775,"Split Letter Monogram 1","family & name"
0776,MB1-0776,"Split Letter Monogram 10","family & name"
0777,MB1-0777,"Split Letter Monogram 11","family & name"
0778,MB1-0778,"Split Letter Monogram 12","family & name"
0779,MB1-0779,"Split Letter Monogram 13","family & name"
0780,MB1-0780,"Split Letter Monogram 14","family & name"
0781,MB1-0781,"Split Letter Monogram 15","family & name"
0782,MB1-0782,"Split Letter Monogram 16","family & name"
0783,MB1-0783,"Split Letter Monogram 17","family & name"
0784,MB1-0784,"Split Letter Monogram 18","family & name"
0785,MB1-0785,"Split Letter Monogram 19","family & name"
0786,MB1-0786,"Split Letter Monogram 2","family & name"
0787,MB1-0787,"Split Letter Monogram 20","family & name"
0788,MB1-0788,"Split Letter Monogram 21","family & name"
0789,MB1-0789,"Split Letter Monogram 22","family & name"
0790,MB1-0790,"Split Letter Monogram 23","family & name"
0791,MB1-0791,"Split Letter Monogram 24","family & name"
0792,MB1-0792,"Split Letter Monogram 25","family & name"
0793,MB1-0793,"Split Letter Monogram 3","family & name"
0794,MB1-0794,"Split Letter Monogram 4","family & name"
0795,MB1-0795,"Split Letter Monogram 5","family & name"
0796,MB1-0796,"Split Letter Monogram 6","family & name"
0797,MB1-0797,"Split Letter Monogram 7","family & name"
0798,MB1-0798,"Split Letter Monogram 8","family & name"
0799,MB1-0799,"Split Letter Monogram 9","family & name"
0808,MB1-0808,"MOTHER 1","family & name"
0809,MB1-0809,"MOTHER 10","family & name"
0810,MB1-0810,"MOTHER 11","family & name"
0811,MB1-0811,"MOTHER 12","family & name"
0812,MB1-0812,"MOTHER 13","family & name"
0813,MB1-0813,"MOTHER 14","family & name"
0814,MB1-0814,"MOTHER 15","family & name"
0815,MB1-0815,"MOTHER 16","family & name"
0816,MB1-0816,"MOTHER 17","family & name"
0817,MB1-0817,"MOTHER 18","family & name"
0818,MB1-0818,"MOTHER 2","family & name"
0819,MB1-0819,"MOTHER 3","family & name"
0820,MB1-0820,"MOTHER 4","family & name"
0821,MB1-0821,"MOTHER 5","family & name"
0822,MB1-0822,"MOTHER 6","family & name"
0823,MB1-0823,"MOTHER 7","family & name"
0824,MB1-0824,"MOTHER 8","family & name"
0825,MB1-0825,"MOTHER 9","family & name"
0827,MB1-0827,"10 mm socket memorial","memorial and tribute"
0843,MB1-0843,"Address Welcome Plaque","address and property"
0844,MB1-0844,"Air force logo","memorial and tribute"
0860,MB1-0860,"Bar","sports and hobbies"
0872,MB1-0872,"Bride and Groom 2","wedding and events"
0885,MB1-0885,"Christmas tree monogram","seasonal and holiday"
0891,MB1-0891,"Coffee Shop","home decor and inspirational"
0896,MB1-0896,"Dads Garage","garage and workshop"
0897,MB1-0897,"Dads Hangar","garage and workshop"
0898,MB1-0898,"Dads Man cave","home decor and inspirational"
0899,MB1-0899,"Dads Workshop","garage and workshop"
0900,MB1-0900,"Dads garage arrow","garage and workshop"
0913,MB1-0913,"Dream Catcher Monogram frame","family & name"
0924,MB1-0924,"Faith and Family arrows","family & name"
0928,MB1-0928,"Farm Fresh Bacon","farm and western"
0929,MB1-0929,"Farm Fresh Beef","farm and western"
0930,MB1-0930,"Farm Fresh Christmas trees","seasonal and holiday"
0931,MB1-0931,"Farm Fresh Eggs","farm and western"
0932,MB1-0932,"Farm Fresh","farm and western"
0934,MB1-0934,"Farmhouse","farm and western"
0938,MB1-0938,"Fireman","memorial and tribute"
0939,MB1-0939,"Firemen Maltese cross","memorial and tribute"
0954,MB1-0954,"Grandpas garage","garage and workshop"
0959,MB1-0959,"Guitar Monogram frame","sports and hobbies"
0970,MB1-0970,"Horseshoe Welcome sign","farm and western"
0978,MB1-0978,"Infinity Monogram","family & name"
1000,MB1-1000,"Man Cave Poker Chip and Dice","sports and hobbies"
1001,MB1-1001,"Man Cave Saw blade","home decor and inspirational"
1012,MB1-1012,"Memorial Design Palatino Linotype font","memorial and tribute"
1015,MB1-1015,"Monogram Mason Jar","family & name"
1016,MB1-1016,"Monogram Round deco","family & name"
1024,MB1-1024,"Mr _ Mrs wine glasses monogram","wedding and events"
1025,MB1-1025,"Mr _ Mrs","wedding and events"
1026,MB1-1026,"Mr and Mrs with Est","wedding and events"
1027,MB1-1027,"Name Sign Date Established Blank","family & name"
1042,MB1-1042,"Papas Hangar","garage and workshop"
1043,MB1-1043,"Papas Man Cave","home decor and inspirational"
1046,MB1-1046,"Piston and gear garage sign","garage and workshop"
1052,MB1-1052,"Pumpkin Monogram Frame","seasonal and holiday"
1055,MB1-1055,"Ranger Badge","memorial and tribute"
1078,MB1-1078,"Space Force logo","memorial and tribute"
1079,MB1-1079,"Space Force small logo","memorial and tribute"
1081,MB1-1081,"Speed Shop 2","home decor and inspirational"
1082,MB1-1082,"Speed Shop","home decor and inspirational"
1087,MB1-1087,"Steampunk Garage","garage and workshop"
1114,MB1-1114,"Tattoo shop","sports and hobbies"
1133,MB1-1133,"Trophy backplate","sports and hobbies"
1151,MB1-1151,"Truss Bar 2x6 doubled cross beam","sports and hobbies"
1154,MB1-1154,"Turkey Monogram","family & name"
1157,MB1-1157,"US Army logo","memorial and tribute"
1158,MB1-1158,"US Navy Logo","memorial and tribute"
1162,MB1-1162,"United States Air Force Double layer with stars","memorial and tribute"
1163,MB1-1163,"United States Air Force no stars","memorial and tribute"
1164,MB1-1164,"United States Air Force single layer with stars","memorial and tribute"
1165,MB1-1165,"United States Army Logo","memorial and tribute"
1166,MB1-1166,"Us Coast Guard","memorial and tribute"
1181,MB1-1181,"Wedding Tree of life curly List","wedding and events"
1182,MB1-1182,"Wedding rings","wedding and events"
1186,MB1-1186,"Welcome Guitar","sports and hobbies"
1187,MB1-1187,"Welcome Saw Blade","home decor and inspirational"
1188,MB1-1188,"Welcome Sign","home decor and inspirational"
1189,MB1-1189,"Welcome Star","home decor and inspirational"
1194,MB1-1194,"Winners trophy and Banner","sports and hobbies"
1195,MB1-1195,"Winners trophy","sports and hobbies"
1198,MB1-1198,"Worlds Greatest Dad Trophy","sports and hobbies"
1199,MB1-1199,"Worlds Greatest Mom Trophy","sports and hobbies"
1209,MB1-1209,"corner coffee shop","home decor and inspirational"
1233,MB1-1233,"monogram Round Fleur","family & name"
1234,MB1-1234,"motor home with name plaque","family & name"
1242,MB1-1242,"scroll monogram","family & name"
1247,MB1-1247,"windmill monogram","family & name"
1249,MB1-1249,"Beer Served Here Key Football","sports and hobbies"
1254,MB1-1254,"GARAGE RETRO SIGN","garage and workshop"
1267,MB1-1267,"TIKI BAR MONKEY","sports and hobbies"
1270,MB1-1270,"beach view firepit welcome sign","beach and coastal"
1271,MB1-1271,"birds welcome sign","home decor and inspirational"
1284,MB1-1284,"jeep compass monogram","lake house and nautical"
1287,MB1-1287,"las vegas welcome sign","home decor and inspirational"
1299,MB1-1299,"stone firepit monogram welcome","family & name"
1301,MB1-1301,"welcome to our home flowers","home decor and inspirational"
1368,MB1-1368,"US AIR FORCE","memorial and tribute"
1369,MB1-1369,"US ARMY 2","memorial and tribute"
1370,MB1-1370,"US ARMY 3","memorial and tribute"
1371,MB1-1371,"US ARMY","memorial and tribute"
1376,MB1-1376,"US NAVY","memorial and tribute"
1377,MB1-1377,"USN","memorial and tribute"
1429,MB1-1429,"SPLIT MONOGRAM 1","family & name"
1430,MB1-1430,"SPLIT MONOGRAM 10","family & name"
1431,MB1-1431,"SPLIT MONOGRAM 11","family & name"
1432,MB1-1432,"SPLIT MONOGRAM 12","family & name"
1433,MB1-1433,"SPLIT MONOGRAM 13","family & name"
1434,MB1-1434,"SPLIT MONOGRAM 14","family & name"
1435,MB1-1435,"SPLIT MONOGRAM 15","family & name"
1436,MB1-1436,"SPLIT MONOGRAM 16","family & name"
1437,MB1-1437,"SPLIT MONOGRAM 17","family & name"
1438,MB1-1438,"SPLIT MONOGRAM 18","family & name"
1439,MB1-1439,"SPLIT MONOGRAM 19","family & name"
1440,MB1-1440,"SPLIT MONOGRAM 2","family & name"
1441,MB1-1441,"SPLIT MONOGRAM 20","family & name"
1442,MB1-1442,"SPLIT MONOGRAM 21","family & name"
1443,MB1-1443,"SPLIT MONOGRAM 22","family & name"
1444,MB1-1444,"SPLIT MONOGRAM 23","family & name"
1445,MB1-1445,"SPLIT MONOGRAM 24","family & name"
1446,MB1-1446,"SPLIT MONOGRAM 25","family & name"
1447,MB1-1447,"SPLIT MONOGRAM 26","family & name"
1448,MB1-1448,"SPLIT MONOGRAM 27","family & name"
1449,MB1-1449,"SPLIT MONOGRAM 28","family & name"
1450,MB1-1450,"SPLIT MONOGRAM 3","family & name"
1451,MB1-1451,"SPLIT MONOGRAM 4","family & name"
1454,MB1-1454,"SPLIT MONOGRAM 7","family & name"
1455,MB1-1455,"SPLIT MONOGRAM 8","family & name"
1456,MB1-1456,"SPLIT MONOGRAM 9","family & name"
1466,MB1-1466,"beach life monogram","beach and coastal"
1469,MB1-1469,"beach sunset monogram","beach and coastal"
1470,MB1-1470,"flamingo beach scene monogram","beach and coastal"
1471,MB1-1471,"flip flop welcome","beach and coastal"
1475,MB1-1475,"palms beach monogram","beach and coastal"
1476,MB1-1476,"surf palm tree monogram","beach and coastal"
1478,MB1-1478,"welcome dolphines","home decor and inspirational"
1479,MB1-1479,"welcome palm trees","beach and coastal"
1480,MB1-1480,"welcome surfer","beach and coastal"
1481,MB1-1481,"welcome to our home","home decor and inspirational"
1493,MB1-1493,"sunflower monogram A","family & name"
1494,MB1-1494,"sunflower monogram B","family & name"
1495,MB1-1495,"sunflower monogram C","family & name"
1496,MB1-1496,"sunflower monogram D","family & name"
1497,MB1-1497,"sunflower monogram E","family & name"
1498,MB1-1498,"sunflower monogram F","family & name"
1499,MB1-1499,"sunflower monogram G","family & name"
1500,MB1-1500,"sunflower monogram H","family & name"
1501,MB1-1501,"sunflower monogram I","family & name"
1502,MB1-1502,"sunflower monogram J","family & name"
1503,MB1-1503,"sunflower monogram K","family & name"
1504,MB1-1504,"sunflower monogram L","family & name"
1505,MB1-1505,"sunflower monogram M","family & name"
1506,MB1-1506,"sunflower monogram N","family & name"
1507,MB1-1507,"sunflower monogram O","family & name"
1508,MB1-1508,"sunflower monogram P","family & name"
1509,MB1-1509,"sunflower monogram Q","family & name"
1510,MB1-1510,"sunflower monogram R","family & name"
1511,MB1-1511,"sunflower monogram S","family & name"
1512,MB1-1512,"sunflower monogram T","family & name"
1513,MB1-1513,"sunflower monogram U","family & name"
1514,MB1-1514,"sunflower monogram V","family & name"
1515,MB1-1515,"sunflower monogram W","family & name"
1516,MB1-1516,"sunflower monogram X","family & name"
1517,MB1-1517,"sunflower monogram Y","family & name"
1518,MB1-1518,"sunflower monogram Z","family & name"
1575,MB1-1575,"tree stake bird family","family & name"
1576,MB1-1576,"tree stake bird mom family","family & name"
1586,MB1-1586,"tree stake gnomes family","family & name"
1643,MB1-1643,"welcome to the farm","farm and western"
1652,MB1-1652,"axe monogram 1","sports and hobbies"
1653,MB1-1653,"axe monogram 10","sports and hobbies"
1654,MB1-1654,"axe monogram 2","sports and hobbies"
1655,MB1-1655,"axe monogram 3","sports and hobbies"
1656,MB1-1656,"axe monogram 4","sports and hobbies"
1657,MB1-1657,"axe monogram 5","sports and hobbies"
1658,MB1-1658,"axe monogram 6","sports and hobbies"
1659,MB1-1659,"axe monogram 7","sports and hobbies"
1660,MB1-1660,"axe monogram 8","sports and hobbies"
1661,MB1-1661,"axe monogram 9","sports and hobbies"
1663,MB1-1663,"merry christmas monogram fancy metal","seasonal and holiday"
1665,MB1-1665,"deer elk  monogram 1","wildlife and outdoors"
1666,MB1-1666,"deer elk  monogram 2","wildlife and outdoors"